{"mean":{"confidence_interval":{"confidence_level":0.95,"lower_bound":1935071.0428011534,"upper_bound":1941046.4992508895},"point_estimate":1938044.7679096425,"standard_error":1527.2847013088185},"median":{"confidence_interval":{"confidence_level":0.95,"lower_bound":1932424.8048780488,"upper_bound":1941451.3157894737},"point_estimate":1936616.7681318682,"standard_error":2070.239563668836},"median_abs_dev":{"confidence_interval":{"confidence_level":0.95,"lower_bound":11159.670946214455,"upper_bound":20717.305071979077},"point_estimate":15743.975846094627,"standard_error":2388.2980296134056},"slope":{"confidence_interval":{"confidence_level":0.95,"lower_bound":1933657.1135522004,"upper_bound":1941201.1339179985},"point_estimate":1937376.5399527117,"standard_error":1927.38770437664},"std_dev":{"confidence_interval":{"confidence_level":0.95,"lower_bound":13300.648503299684,"upper_bound":17280.2759987519},"point_estimate":15385.986421932792,"standard_error":1015.6915882425386}}