{"mean":{"confidence_interval":{"confidence_level":0.95,"lower_bound":5274.965735654119,"upper_bound":5311.6084289995815},"point_estimate":5291.921503776675,"standard_error":9.30483970137643},"median":{"confidence_interval":{"confidence_level":0.95,"lower_bound":5266.79579093432,"upper_bound":5289.58227794664},"point_estimate":5275.667093424627,"standard_error":6.387971549061589},"median_abs_dev":{"confidence_interval":{"confidence_level":0.95,"lower_bound":33.04733371921068,"upper_bound":54.38970439553232},"point_estimate":42.2635552664142,"standard_error":5.544839647052865},"slope":{"confidence_interval":{"confidence_level":0.95,"lower_bound":5268.112093981242,"upper_bound":5288.5068118219515},"point_estimate":5278.0360360510485,"standard_error":5.213538024993012},"std_dev":{"confidence_interval":{"confidence_level":0.95,"lower_bound":50.85296325277039,"upper_bound":129.14036589056917},"point_estimate":93.38055219524354,"standard_error":20.081528662645262}}