{"mean":{"confidence_interval":{"confidence_level":0.95,"lower_bound":515.5298440186205,"upper_bound":517.7170444034773},"point_estimate":516.640164445965,"standard_error":0.5589379440040139},"median":{"confidence_interval":{"confidence_level":0.95,"lower_bound":515.4432744615843,"upper_bound":518.4663536776213},"point_estimate":516.8881948872377,"standard_error":0.8647502102498277},"median_abs_dev":{"confidence_interval":{"confidence_level":0.95,"lower_bound":4.0667278038225865,"upper_bound":6.5728838532845435},"point_estimate":5.11156853812228,"standard_error":0.638405837339313},"slope":{"confidence_interval":{"confidence_level":0.95,"lower_bound":514.4972313423714,"upper_bound":516.5105774263103},"point_estimate":515.475078646958,"standard_error":0.5136847295951763},"std_dev":{"confidence_interval":{"confidence_level":0.95,"lower_bound":4.582523478451758,"upper_bound":6.72595026374692},"point_estimate":5.648256647361622,"standard_error":0.5524843819888245}}