{"mean":{"confidence_interval":{"confidence_level":0.95,"lower_bound":2085442.3451874992,"upper_bound":2091971.821},"point_estimate":2088696.4024999996,"standard_error":1658.4468155942204},"median":{"confidence_interval":{"confidence_level":0.95,"lower_bound":2084708.3333333333,"upper_bound":2093998.25},"point_estimate":2089278.625,"standard_error":2352.4566653655606},"median_abs_dev":{"confidence_interval":{"confidence_level":0.95,"lower_bound":14678.017726912922,"upper_bound":22191.43440039816},"point_estimate":18979.1020255537,"standard_error":1918.182254769295},"slope":null,"std_dev":{"confidence_interval":{"confidence_level":0.95,"lower_bound":14731.229631552478,"upper_bound":18486.005747946412},"point_estimate":16721.92178299987,"standard_error":961.6883681419525}}