{"mean":{"confidence_interval":{"confidence_level":0.95,"lower_bound":1938132.1607009727,"upper_bound":1945204.158699768},"point_estimate":1941901.903654647,"standard_error":1799.7035893993007},"median":{"confidence_interval":{"confidence_level":0.95,"lower_bound":1939690.3333333333,"upper_bound":1947398.9848484849},"point_estimate":1943678.8944444444,"standard_error":1931.06090264552},"median_abs_dev":{"confidence_interval":{"confidence_level":0.95,"lower_bound":10812.941602768848,"upper_bound":16180.914135145229},"point_estimate":12993.35609083697,"standard_error":1320.6388988943347},"slope":{"confidence_interval":{"confidence_level":0.95,"lower_bound":1940715.9613594203,"upper_bound":1946170.6819588533},"point_estimate":1943426.2851810255,"standard_error":1394.266230740938},"std_dev":{"confidence_interval":{"confidence_level":0.95,"lower_bound":11784.683119310614,"upper_bound":24934.369225356008},"point_estimate":18027.116950658492,"standard_error":3663.5574704876167}}